{"block":{},"line":{"line-97570":{"fromKey":"tag-68923","toKey":"tag-35852","from":{"top":423,"right":633,"bottom":444,"left":605,"width":28,"height":21,"x":605,"y":423},"to":{"top":395,"right":447,"bottom":416,"left":391,"width":56,"height":21,"x":391,"y":395}},"line-98602":{"fromKey":"tag-59388","toKey":"tag-35852","from":{"top":314,"right":636,"bottom":335,"left":608,"width":28,"height":21,"x":608,"y":314},"to":{"top":395,"right":447,"bottom":416,"left":391,"width":56,"height":21,"x":391,"y":395}},"line-99686":{"fromKey":"tag-53596","toKey":"tag-35852","from":{"top":251,"right":637,"bottom":272,"left":609,"width":28,"height":21,"x":609,"y":251},"to":{"top":395,"right":447,"bottom":416,"left":391,"width":56,"height":21,"x":391,"y":395}},"line-901778":{"fromKey":"tag-897039","toKey":"tag-35852","from":{"top":635,"right":727.671875,"bottom":656,"left":604,"width":123.671875,"height":21,"x":604,"y":635},"to":{"top":395,"right":447,"bottom":416,"left":391,"width":56,"height":21,"x":391,"y":395}},"line-37433":{"fromKey":"tag-29038","toKey":"tag-68923","from":{"top":380,"right":760,"bottom":401,"left":732,"width":28,"height":21,"x":732,"y":380},"to":{"top":423,"right":633,"bottom":444,"left":605,"width":28,"height":21,"x":605,"y":423}},"line-39033":{"fromKey":"tag-33798","toKey":"tag-68923","from":{"top":468,"right":758,"bottom":489,"left":730,"width":28,"height":21,"x":730,"y":468},"to":{"top":423,"right":633,"bottom":444,"left":605,"width":28,"height":21,"x":605,"y":423}},"line-633573":{"fromKey":"tag-626250","toKey":"tag-219053","from":{"top":508,"right":1097,"bottom":529,"left":1069,"width":28,"height":21,"x":1069,"y":508},"to":{"top":550,"right":941,"bottom":571,"left":899,"width":42,"height":21,"x":899,"y":550}},"line-634865":{"fromKey":"tag-630482","toKey":"tag-219053","from":{"top":595,"right":1093,"bottom":616,"left":1065,"width":28,"height":21,"x":1065,"y":595},"to":{"top":550,"right":941,"bottom":571,"left":899,"width":42,"height":21,"x":899,"y":550}},"line-646581":{"fromKey":"tag-640402","toKey":"tag-213405","from":{"top":340,"right":1078,"bottom":361,"left":1050,"width":28,"height":21,"x":1050,"y":340},"to":{"top":375,"right":954,"bottom":396,"left":926,"width":28,"height":21,"x":926,"y":375}},"line-647677":{"fromKey":"tag-643922","toKey":"tag-213405","from":{"top":405,"right":1074,"bottom":426,"left":1046,"width":28,"height":21,"x":1046,"y":405},"to":{"top":375,"right":954,"bottom":396,"left":926,"width":28,"height":21,"x":926,"y":375}},"line-945024":{"fromKey":"tag-940005","toKey":"tag-35852","from":{"top":510,"right":699.671875,"bottom":531,"left":604,"width":95.671875,"height":21,"x":604,"y":510},"to":{"top":395,"right":447,"bottom":416,"left":391,"width":56,"height":21,"x":391,"y":395}},"line-984017":{"fromKey":"tag-167082","toKey":"tag-940005","from":{"top":519,"right":797,"bottom":540,"left":769,"width":28,"height":21,"x":769,"y":519},"to":{"top":510,"right":699.671875,"bottom":531,"left":604,"width":95.671875,"height":21,"x":604,"y":510}},"line-990697":{"fromKey":"tag-985910","toKey":"tag-940005","from":{"top":598,"right":796,"bottom":619,"left":768,"width":28,"height":21,"x":768,"y":598},"to":{"top":510,"right":699.671875,"bottom":531,"left":604,"width":95.671875,"height":21,"x":604,"y":510}},"line-3667":{"fromKey":"tag-167082","toKey":"tag-213405","from":{"top":519,"right":797,"bottom":540,"left":769,"width":28,"height":21,"x":769,"y":519},"to":{"top":375,"right":954,"bottom":396,"left":926,"width":28,"height":21,"x":926,"y":375}},"line-116035":{"fromKey":"tag-219053","toKey":"tag-985910","from":{"top":550,"right":941,"bottom":571,"left":899,"width":42,"height":21,"x":899,"y":550},"to":{"top":598,"right":796,"bottom":619,"left":768,"width":28,"height":21,"x":768,"y":598}},"line-389870":{"fromKey":"tag-985910","toKey":"tag-383659","from":{"top":598,"right":796,"bottom":619,"left":768,"width":28,"height":21,"x":768,"y":598},"to":{"top":705,"right":933,"bottom":726,"left":905,"width":28,"height":21,"x":905,"y":705}},"line-588456":{"fromKey":"tag-498276","toKey":"tag-383659","from":{"top":651,"right":1044,"bottom":672,"left":1016,"width":28,"height":21,"x":1016,"y":651},"to":{"top":705,"right":933,"bottom":726,"left":905,"width":28,"height":21,"x":905,"y":705}},"line-593496":{"fromKey":"tag-590148","toKey":"tag-383659","from":{"top":757,"right":1040,"bottom":778,"left":1012,"width":28,"height":21,"x":1012,"y":757},"to":{"top":705,"right":933,"bottom":726,"left":905,"width":28,"height":21,"x":905,"y":705}},"line-597824":{"fromKey":"tag-498276","toKey":"tag-581956","from":{"top":651,"right":1044,"bottom":672,"left":1016,"width":28,"height":21,"x":1016,"y":651},"to":{"top":604,"right":1282,"bottom":625,"left":1240,"width":42,"height":21,"x":1240,"y":604}},"line-601704":{"fromKey":"tag-513964","toKey":"tag-498276","from":{"top":683,"right":1283,"bottom":704,"left":1241,"width":42,"height":21,"x":1241,"y":683},"to":{"top":651,"right":1044,"bottom":672,"left":1016,"width":28,"height":21,"x":1016,"y":651}},"line-664368":{"fromKey":"tag-498276","toKey":"tag-486251","from":{"top":651,"right":1044,"bottom":672,"left":1016,"width":28,"height":21,"x":1016,"y":651},"to":{"top":749,"right":1287,"bottom":770,"left":1245,"width":42,"height":21,"x":1245,"y":749}},"line-407617":{"fromKey":"tag-283556","toKey":"tag-53596","from":{"top":205,"right":757,"bottom":226,"left":715,"width":42,"height":21,"x":715,"y":205},"to":{"top":251,"right":637,"bottom":272,"left":609,"width":28,"height":21,"x":609,"y":251}},"line-445384":{"fromKey":"tag-440948","toKey":"tag-53596","from":{"top":271,"right":742,"bottom":292,"left":714,"width":28,"height":21,"x":714,"y":271},"to":{"top":251,"right":637,"bottom":272,"left":609,"width":28,"height":21,"x":609,"y":251}},"line-815900":{"fromKey":"tag-806625","toKey":"tag-53596","from":{"top":147,"right":744,"bottom":168,"left":716,"width":28,"height":21,"x":716,"y":147},"to":{"top":251,"right":637,"bottom":272,"left":609,"width":28,"height":21,"x":609,"y":251}}},"tag":{"tag-35852":{"x":3496,"y":3364,"editable":false,"input":"种类分布"},"tag-53596":{"x":3714,"y":3220,"editable":false,"input":"圆钢"},"tag-59388":{"x":3713,"y":3283,"editable":false,"input":"板料"},"tag-68923":{"x":3710,"y":3392,"editable":false,"input":"模套"},"tag-167082":{"x":3874,"y":3488,"editable":false,"input":"进口"},"tag-897039":{"x":3709,"y":3604,"editable":false,"input":"合金钢 / 合金模具钢"},"tag-29038":{"x":3837,"y":3349,"editable":false,"input":"管子"},"tag-33798":{"x":3835,"y":3437,"editable":false,"input":"炮筒"},"tag-213405":{"x":4031,"y":3344,"editable":false,"input":"淬火"},"tag-219053":{"x":4004,"y":3519,"editable":false,"input":"未淬火"},"tag-486251":{"x":4350,"y":3718,"editable":false,"input":"旧冲头"},"tag-626250":{"x":4174,"y":3477,"editable":false,"input":"冷作"},"tag-630482":{"x":4170,"y":3564,"editable":false,"input":"热作"},"tag-640402":{"x":4155,"y":3309,"editable":false,"input":"冷作"},"tag-643922":{"x":4151,"y":3374,"editable":false,"input":"热作"},"tag-940005":{"x":3709,"y":3479,"editable":false,"input":"模具钢 / 模子料"},"tag-985910":{"x":3873,"y":3567,"editable":false,"input":"国标"},"tag-383659":{"x":4010,"y":3674,"editable":false,"input":"淬火"},"tag-397059":{"x":3076,"y":3589,"editable":false},"tag-450780":{"x":3077,"y":3592,"editable":false},"tag-498276":{"x":4121,"y":3620,"editable":false,"input":"冷作"},"tag-513964":{"x":4346,"y":3652,"editable":false,"input":"搓丝板"},"tag-581956":{"x":4345,"y":3573,"editable":false,"input":"滚丝轮"},"tag-590148":{"x":4117,"y":3726,"editable":false,"input":"热作"},"tag-283556":{"x":3820,"y":3174,"editable":false,"input":"拉光圆"},"tag-440948":{"x":3819,"y":3240,"editable":false,"input":"常用"},"tag-806625":{"x":3821,"y":3116,"editable":false,"input":"锻打"}},"position":{"root":{"x":-3106,"y":-2970}},"current":"root"}
